# Authors

amir_barylko:
  name: Amir Barylko
  web: http://www.orthocoders.com/
  email: amir@barylko.com
  twitter: abarylko
  google:
    plus:
  github: amirci
  linkedin: amirbarylko

bil_simser:
  name: Bil Simser
  web: http://weblogs.asp.net/bsimser
  email: emailme@bilsimser.com
  twitter: bsimser
  github: bsimser
  linkedin: bsimser

darcy_lussier:
  name: D'Arcy Lussier
  web: http://geekswithblogs.net/dlussier/Default.aspx
  email: darcy.lussier@gmail.com
  twitter: darcy_lussier
  avatar: DarcyLussier.png

dave_paquette:
  name: Dave Paquette
  web: http://www.davepaquette.com/
  email: contactme@davepaquette.com
  avatar: DavePaquette_241x241.jpg
  twitter: Dave_Paquette
  github: dpaquette
  linkedin:

david_wesst:
  name: David Wesst
  web: http://www.davidwesst.com
  email: questions@davidwesst.com
  avatar: davidwesst_400x400.jpg
  twitter: davidwesst
  google:
    plus: davidwesst
  github: davidwesst
  linkedin: davidwesst

dave_white:
  name: Dave White
  web: http://agileramblings.com/
  email: dmhwhite@gmail.com
  twitter: AgileRamblings
  google:
    plus:
  github: agileramblings
  linkedin: dave-white

donald_belcham:
  name: Donald Belcham
  web: http://www.igloocoder.com
  email: donald.belcham@igloocoder.com
  avatar: donald_belcham_240x240.jpg
  twitter: dbelcham
  github: dbelcham
  linkedin: donaldbelcham

dylan_smith:
  name: Dylan Smith
  web: http://www.geekswithblogs.net/optikal
  email: optikal@shaw.ca
  avatar: dylan_300x300.jpg
  twitter: dylan_smith

james_chambers:
  name: James Chambers
  web: http://jameschambers.com/
  email: james@jameschambers.com
  twitter: canadianjames
  github: MisterJames
  linkedin: canadianjames

justin_self:
  name: Justin Self
  web: http://www.justinself.com
  email: justinself@outlook.com
  twitter: thejustinself
  github: justinself
  linkedin: therealjustinself

kelly_cassidy:
  name: Kelly Cassidy
  twitter: k_cassidy
  web: http://www.mindfulsanity.com/
  linkedin: kcassidy
  github: kpcassidy
  email: kelly@mindfulsanity.com

kyle_baley:
  name: Kyle Baley
  web: http://kyle.baley.org
  email: kyle@baley.org
  twitter: kyle_baley
  github: kbaley
  linkedin: kylebaley
  avatar: Kyle_300x300.png

lori_lalonde:
  name: Lori Lalonde
  web: http://solola.ca
  email: solola.llalonde@gmail.com
  twitter: loriblalonde
  linkedin: lorilalonde
  github: llalonde
  avatar: Lori_Lalonde.jpg

peter_ritchie:
  name: Peter Ritchie
  web:
  email:
  avatar: 
  twitter: peterritchie
  github: peteraritchie
  linkedin: peteraritchie

simon_timms:
  name: Simon Timms
  web: http://blog.simontimms.com/
  email: stimms@gmail.com
  avatar: simon.jpg
  twitter: stimms
  github: stimms

tom_opgenorth:
  name: Tom Opgenorth
  web: http://www.opgenorth.net
  email: tom@opgenorth.net
  twitter: topgenorth
  github: topgenorth
  linkedin: tom-opgenorth
